class,actual_samples,correct_predictions,incorrect_predictions,accuracy
BACKDOOR_MALWARE,150,37,113,0.24666666666666667
BENIGN,150,63,87,0.42
BROWSERHIJACKING,149,57,92,0.3825503355704698
COMMANDINJECTION,150,42,108,0.28
DDOS-ACK_FRAGMENTATION,150,148,2,0.9866666666666667
DDOS-HTTP_FLOOD,150,116,34,0.7733333333333333
DDOS-ICMP_FLOOD,148,148,0,1.0
DDOS-ICMP_FRAGMENTATION,150,149,1,0.9933333333333333
DDOS-PSHACK_FLOOD,149,148,1,0.9932885906040269
DDOS-RSTFINFLOOD,149,148,1,0.9932885906040269
DDOS-SLOWLORIS,150,141,9,0.94
DDOS-SYNONYMOUSIP_FLOOD,149,104,45,0.697986577181208
DDOS-SYN_FLOOD,149,25,124,0.16778523489932887
DDOS-TCP_FLOOD,147,101,46,0.6870748299319728
DDOS-UDP_FLOOD,150,142,8,0.9466666666666667
DDOS-UDP_FRAGMENTATION,150,148,2,0.9866666666666667
DICTIONARYBRUTEFORCE,150,71,79,0.47333333333333333
DNS_SPOOFING,149,77,72,0.5167785234899329
DOS-HTTP_FLOOD,150,132,18,0.88
DOS-SYN_FLOOD,149,64,85,0.42953020134228187
DOS-TCP_FLOOD,149,78,71,0.5234899328859061
DOS-UDP_FLOOD,150,67,83,0.44666666666666666
MIRAI-GREETH_FLOOD,150,147,3,0.98
MIRAI-GREIP_FLOOD,150,146,4,0.9733333333333334
MIRAI-UDPPLAIN,150,149,1,0.9933333333333333
MITM-ARPSPOOFING,146,80,66,0.547945205479452
RECON-HOSTDISCOVERY,150,81,69,0.54
RECON-OSSCAN,150,18,132,0.12
RECON-PINGSWEEP,150,36,114,0.24
RECON-PORTSCAN,150,41,109,0.2733333333333333
SQLINJECTION,150,51,99,0.34
UPLOADING_ATTACK,150,42,108,0.28
VULNERABILITYSCAN,150,30,120,0.2
XSS,150,27,123,0.18
