actual,predicted,count
DOS-UDP_FLOOD,DDOS-UDP_FLOOD,82
DOS-SYN_FLOOD,DDOS-SYNONYMOUSIP_FLOOD,74
DDOS-SYN_FLOOD,DDOS-SYNONYMOUSIP_FLOOD,73
DOS-TCP_FLOOD,DDOS-TCP_FLOOD,71
DDOS-SYN_FLOOD,DOS-SYN_FLOOD,51
DDOS-TCP_FLOOD,DOS-TCP_FLOOD,44
VULNERABILITYSCAN,SQLINJECTION,37
DDOS-SYNONYMOUSIP_FLOOD,DOS-SYN_FLOOD,33
RECON-OSSCAN,RECON-PORTSCAN,33
COMMANDINJECTION,UPLOADING_ATTACK,32
DDOS-HTTP_FLOOD,DOS-HTTP_FLOOD,30
XSS,UPLOADING_ATTACK,28
XSS,BACKDOOR_MALWARE,25
BACKDOOR_MALWARE,XSS,23
RECON-OSSCAN,BENIGN,22
SQLINJECTION,VULNERABILITYSCAN,21
RECON-PORTSCAN,SQLINJECTION,20
RECON-PINGSWEEP,SQLINJECTION,20
COMMANDINJECTION,XSS,19
BACKDOOR_MALWARE,UPLOADING_ATTACK,19
RECON-OSSCAN,SQLINJECTION,19
MITM-ARPSPOOFING,DNS_SPOOFING,18
UPLOADING_ATTACK,COMMANDINJECTION,17
DNS_SPOOFING,BENIGN,16
UPLOADING_ATTACK,XSS,15
BROWSERHIJACKING,XSS,15
COMMANDINJECTION,BACKDOOR_MALWARE,15
MITM-ARPSPOOFING,BENIGN,15
UPLOADING_ATTACK,SQLINJECTION,14
RECON-PINGSWEEP,BENIGN,14
UPLOADING_ATTACK,BACKDOOR_MALWARE,14
RECON-PORTSCAN,RECON-OSSCAN,13
VULNERABILITYSCAN,BENIGN,13
BACKDOOR_MALWARE,COMMANDINJECTION,13
DICTIONARYBRUTEFORCE,BENIGN,12
BENIGN,MITM-ARPSPOOFING,12
RECON-PORTSCAN,BENIGN,12
RECON-PORTSCAN,VULNERABILITYSCAN,12
BROWSERHIJACKING,SQLINJECTION,12
DDOS-SYNONYMOUSIP_FLOOD,DDOS-SYN_FLOOD,11
UPLOADING_ATTACK,BENIGN,11
VULNERABILITYSCAN,BROWSERHIJACKING,11
SQLINJECTION,BACKDOOR_MALWARE,11
RECON-PORTSCAN,RECON-HOSTDISCOVERY,11
BENIGN,SQLINJECTION,11
DNS_SPOOFING,MITM-ARPSPOOFING,11
DICTIONARYBRUTEFORCE,BROWSERHIJACKING,11
BACKDOOR_MALWARE,SQLINJECTION,11
RECON-PINGSWEEP,RECON-OSSCAN,11
RECON-HOSTDISCOVERY,XSS,11
DOS-HTTP_FLOOD,DDOS-HTTP_FLOOD,10
COMMANDINJECTION,BROWSERHIJACKING,10
XSS,SQLINJECTION,10
RECON-PINGSWEEP,VULNERABILITYSCAN,10
BROWSERHIJACKING,MITM-ARPSPOOFING,10
BROWSERHIJACKING,BENIGN,10
BENIGN,BACKDOOR_MALWARE,10
BACKDOOR_MALWARE,BENIGN,10
DOS-SYN_FLOOD,DDOS-SYN_FLOOD,10
RECON-PINGSWEEP,DICTIONARYBRUTEFORCE,9
RECON-HOSTDISCOVERY,BROWSERHIJACKING,9
RECON-PORTSCAN,RECON-PINGSWEEP,9
SQLINJECTION,RECON-OSSCAN,9
BENIGN,DNS_SPOOFING,9
COMMANDINJECTION,DICTIONARYBRUTEFORCE,9
XSS,BROWSERHIJACKING,9
XSS,COMMANDINJECTION,9
SQLINJECTION,XSS,9
SQLINJECTION,RECON-PORTSCAN,8
RECON-PINGSWEEP,BROWSERHIJACKING,8
MITM-ARPSPOOFING,BROWSERHIJACKING,8
VULNERABILITYSCAN,RECON-OSSCAN,8
SQLINJECTION,UPLOADING_ATTACK,8
SQLINJECTION,RECON-PINGSWEEP,8
VULNERABILITYSCAN,DICTIONARYBRUTEFORCE,8
RECON-OSSCAN,MITM-ARPSPOOFING,8
RECON-OSSCAN,RECON-PINGSWEEP,8
RECON-OSSCAN,BROWSERHIJACKING,8
XSS,DICTIONARYBRUTEFORCE,8
VULNERABILITYSCAN,UPLOADING_ATTACK,8
RECON-HOSTDISCOVERY,MITM-ARPSPOOFING,8
BROWSERHIJACKING,BACKDOOR_MALWARE,8
DNS_SPOOFING,XSS,8
BACKDOOR_MALWARE,DNS_SPOOFING,8
RECON-PORTSCAN,BROWSERHIJACKING,8
RECON-OSSCAN,VULNERABILITYSCAN,8
RECON-PINGSWEEP,BACKDOOR_MALWARE,8
BENIGN,DICTIONARYBRUTEFORCE,7
RECON-PORTSCAN,DICTIONARYBRUTEFORCE,7
RECON-HOSTDISCOVERY,BACKDOOR_MALWARE,7
UPLOADING_ATTACK,MITM-ARPSPOOFING,7
RECON-OSSCAN,RECON-HOSTDISCOVERY,7
VULNERABILITYSCAN,BACKDOOR_MALWARE,7
DICTIONARYBRUTEFORCE,BACKDOOR_MALWARE,7
BENIGN,COMMANDINJECTION,7
RECON-PINGSWEEP,MITM-ARPSPOOFING,7
DICTIONARYBRUTEFORCE,DNS_SPOOFING,7
DDOS-UDP_FLOOD,DOS-UDP_FLOOD,7
DOS-HTTP_FLOOD,DDOS-SLOWLORIS,7
BROWSERHIJACKING,DNS_SPOOFING,7
RECON-PINGSWEEP,RECON-PORTSCAN,6
RECON-PINGSWEEP,XSS,6
UPLOADING_ATTACK,BROWSERHIJACKING,6
DICTIONARYBRUTEFORCE,RECON-OSSCAN,6
DICTIONARYBRUTEFORCE,SQLINJECTION,6
DNS_SPOOFING,COMMANDINJECTION,6
DICTIONARYBRUTEFORCE,UPLOADING_ATTACK,6
BROWSERHIJACKING,VULNERABILITYSCAN,6
BACKDOOR_MALWARE,MITM-ARPSPOOFING,6
BROWSERHIJACKING,UPLOADING_ATTACK,6
BENIGN,UPLOADING_ATTACK,6
BENIGN,BROWSERHIJACKING,6
SQLINJECTION,DNS_SPOOFING,6
VULNERABILITYSCAN,RECON-PINGSWEEP,6
XSS,BENIGN,6
XSS,RECON-PINGSWEEP,6
RECON-PINGSWEEP,RECON-HOSTDISCOVERY,6
RECON-HOSTDISCOVERY,BENIGN,6
RECON-HOSTDISCOVERY,SQLINJECTION,5
RECON-HOSTDISCOVERY,DICTIONARYBRUTEFORCE,5
UPLOADING_ATTACK,RECON-HOSTDISCOVERY,5
RECON-PORTSCAN,XSS,5
MITM-ARPSPOOFING,BACKDOOR_MALWARE,5
RECON-OSSCAN,XSS,5
VULNERABILITYSCAN,RECON-HOSTDISCOVERY,5
XSS,MITM-ARPSPOOFING,5
XSS,DNS_SPOOFING,5
VULNERABILITYSCAN,XSS,5
BACKDOOR_MALWARE,BROWSERHIJACKING,5
BACKDOOR_MALWARE,VULNERABILITYSCAN,5
DDOS-SLOWLORIS,DDOS-HTTP_FLOOD,5
DICTIONARYBRUTEFORCE,RECON-HOSTDISCOVERY,5
DNS_SPOOFING,BROWSERHIJACKING,5
DNS_SPOOFING,VULNERABILITYSCAN,5
BACKDOOR_MALWARE,RECON-PINGSWEEP,5
COMMANDINJECTION,DNS_SPOOFING,5
RECON-PORTSCAN,BACKDOOR_MALWARE,5
BROWSERHIJACKING,RECON-HOSTDISCOVERY,5
BENIGN,RECON-OSSCAN,5
XSS,RECON-HOSTDISCOVERY,4
XSS,RECON-OSSCAN,4
SQLINJECTION,DICTIONARYBRUTEFORCE,4
SQLINJECTION,BROWSERHIJACKING,4
UPLOADING_ATTACK,DNS_SPOOFING,4
BROWSERHIJACKING,RECON-PINGSWEEP,4
BROWSERHIJACKING,COMMANDINJECTION,4
VULNERABILITYSCAN,DNS_SPOOFING,4
UPLOADING_ATTACK,VULNERABILITYSCAN,4
VULNERABILITYSCAN,COMMANDINJECTION,4
BENIGN,XSS,4
BENIGN,RECON-PINGSWEEP,4
BACKDOOR_MALWARE,DICTIONARYBRUTEFORCE,4
DNS_SPOOFING,UPLOADING_ATTACK,4
COMMANDINJECTION,SQLINJECTION,4
COMMANDINJECTION,BENIGN,4
DICTIONARYBRUTEFORCE,RECON-PORTSCAN,4
DNS_SPOOFING,BACKDOOR_MALWARE,4
DICTIONARYBRUTEFORCE,XSS,4
DNS_SPOOFING,RECON-PINGSWEEP,4
DICTIONARYBRUTEFORCE,VULNERABILITYSCAN,4
MITM-ARPSPOOFING,XSS,4
RECON-OSSCAN,BACKDOOR_MALWARE,4
RECON-OSSCAN,UPLOADING_ATTACK,4
RECON-HOSTDISCOVERY,VULNERABILITYSCAN,4
RECON-PINGSWEEP,DNS_SPOOFING,4
SQLINJECTION,BENIGN,4
UPLOADING_ATTACK,DICTIONARYBRUTEFORCE,4
UPLOADING_ATTACK,RECON-OSSCAN,4
BENIGN,VULNERABILITYSCAN,3
MIRAI-GREETH_FLOOD,MIRAI-GREIP_FLOOD,3
DDOS-SLOWLORIS,DOS-HTTP_FLOOD,3
BROWSERHIJACKING,DICTIONARYBRUTEFORCE,3
BENIGN,RECON-HOSTDISCOVERY,3
DDOS-HTTP_FLOOD,DDOS-SLOWLORIS,3
DICTIONARYBRUTEFORCE,COMMANDINJECTION,3
DNS_SPOOFING,SQLINJECTION,3
VULNERABILITYSCAN,RECON-PORTSCAN,3
MITM-ARPSPOOFING,DICTIONARYBRUTEFORCE,3
RECON-HOSTDISCOVERY,RECON-PORTSCAN,3
RECON-HOSTDISCOVERY,RECON-OSSCAN,3
RECON-PINGSWEEP,COMMANDINJECTION,3
RECON-PORTSCAN,MITM-ARPSPOOFING,3
RECON-PORTSCAN,UPLOADING_ATTACK,3
SQLINJECTION,COMMANDINJECTION,3
DICTIONARYBRUTEFORCE,MITM-ARPSPOOFING,3
RECON-OSSCAN,COMMANDINJECTION,3
MITM-ARPSPOOFING,RECON-PINGSWEEP,3
DNS_SPOOFING,RECON-OSSCAN,3
MITM-ARPSPOOFING,VULNERABILITYSCAN,3
RECON-HOSTDISCOVERY,COMMANDINJECTION,2
RECON-OSSCAN,DICTIONARYBRUTEFORCE,2
RECON-HOSTDISCOVERY,UPLOADING_ATTACK,2
XSS,VULNERABILITYSCAN,2
DDOS-UDP_FRAGMENTATION,DDOS-SLOWLORIS,2
DDOS-TCP_FLOOD,DDOS-SLOWLORIS,2
COMMANDINJECTION,RECON-PORTSCAN,2
COMMANDINJECTION,RECON-HOSTDISCOVERY,2
COMMANDINJECTION,RECON-OSSCAN,2
COMMANDINJECTION,VULNERABILITYSCAN,2
DNS_SPOOFING,DICTIONARYBRUTEFORCE,2
BACKDOOR_MALWARE,RECON-OSSCAN,2
BROWSERHIJACKING,RECON-PORTSCAN,2
COMMANDINJECTION,MITM-ARPSPOOFING,2
RECON-PINGSWEEP,UPLOADING_ATTACK,2
RECON-HOSTDISCOVERY,RECON-PINGSWEEP,2
MITM-ARPSPOOFING,COMMANDINJECTION,2
MIRAI-GREIP_FLOOD,MIRAI-GREETH_FLOOD,2
MITM-ARPSPOOFING,RECON-PORTSCAN,2
UPLOADING_ATTACK,RECON-PORTSCAN,2
XSS,RECON-PORTSCAN,2
SQLINJECTION,MITM-ARPSPOOFING,2
SQLINJECTION,RECON-HOSTDISCOVERY,2
MIRAI-GREIP_FLOOD,DDOS-HTTP_FLOOD,1
DNS_SPOOFING,RECON-HOSTDISCOVERY,1
DDOS-UDP_FLOOD,DDOS-ICMP_FRAGMENTATION,1
DDOS-HTTP_FLOOD,DDOS-ICMP_FRAGMENTATION,1
DDOS-SLOWLORIS,DDOS-ICMP_FRAGMENTATION,1
DDOS-RSTFINFLOOD,DDOS-HTTP_FLOOD,1
DDOS-ICMP_FRAGMENTATION,RECON-PINGSWEEP,1
DDOS-PSHACK_FLOOD,DDOS-SLOWLORIS,1
DDOS-ACK_FRAGMENTATION,DOS-UDP_FLOOD,1
DDOS-ACK_FRAGMENTATION,DDOS-UDP_FRAGMENTATION,1
DDOS-SYNONYMOUSIP_FLOOD,DOS-HTTP_FLOOD,1
BACKDOOR_MALWARE,RECON-HOSTDISCOVERY,1
BACKDOOR_MALWARE,RECON-PORTSCAN,1
DOS-UDP_FLOOD,DDOS-ICMP_FRAGMENTATION,1
DOS-SYN_FLOOD,DDOS-UDP_FRAGMENTATION,1
DOS-HTTP_FLOOD,VULNERABILITYSCAN,1
DICTIONARYBRUTEFORCE,RECON-PINGSWEEP,1
RECON-PORTSCAN,COMMANDINJECTION,1
RECON-HOSTDISCOVERY,DOS-HTTP_FLOOD,1
RECON-HOSTDISCOVERY,DNS_SPOOFING,1
MITM-ARPSPOOFING,UPLOADING_ATTACK,1
RECON-OSSCAN,DNS_SPOOFING,1
MITM-ARPSPOOFING,RECON-HOSTDISCOVERY,1
MIRAI-GREIP_FLOOD,DDOS-ICMP_FRAGMENTATION,1
MIRAI-UDPPLAIN,MIRAI-GREIP_FLOOD,1
MITM-ARPSPOOFING,RECON-OSSCAN,1
UPLOADING_ATTACK,RECON-PINGSWEEP,1
VULNERABILITYSCAN,MITM-ARPSPOOFING,1
