,precision,recall,f1-score,support
BACKDOOR_MALWARE,0.2215568862275449,0.24666666666666667,0.2334384858044164,150.0
BENIGN,0.2889908256880734,0.42,0.3423913043478261,150.0
BROWSERHIJACKING,0.34545454545454546,0.3825503355704698,0.3630573248407643,149.0
COMMANDINJECTION,0.35294117647058826,0.28,0.31226765799256506,150.0
DDOS-ACK_FRAGMENTATION,1.0,0.9866666666666667,0.9932885906040269,150.0
DDOS-HTTP_FLOOD,0.8721804511278195,0.7733333333333333,0.8197879858657244,150.0
DDOS-ICMP_FLOOD,1.0,1.0,1.0,148.0
DDOS-ICMP_FRAGMENTATION,0.9675324675324676,0.9933333333333333,0.9802631578947368,150.0
DDOS-PSHACK_FLOOD,1.0,0.9932885906040269,0.9966329966329966,149.0
DDOS-RSTFINFLOOD,1.0,0.9932885906040269,0.9966329966329966,149.0
DDOS-SLOWLORIS,0.9038461538461539,0.94,0.9215686274509803,150.0
DDOS-SYNONYMOUSIP_FLOOD,0.41434262948207173,0.697986577181208,0.52,149.0
DDOS-SYN_FLOOD,0.5434782608695652,0.16778523489932887,0.2564102564102564,149.0
DDOS-TCP_FLOOD,0.5872093023255814,0.6870748299319728,0.6332288401253918,147.0
DDOS-UDP_FLOOD,0.6339285714285714,0.9466666666666667,0.7593582887700535,150.0
DDOS-UDP_FRAGMENTATION,0.9866666666666667,0.9866666666666667,0.9866666666666667,150.0
DICTIONARYBRUTEFORCE,0.4863013698630137,0.47333333333333333,0.4797297297297297,150.0
DNS_SPOOFING,0.4935897435897436,0.5167785234899329,0.5049180327868853,149.0
DOS-HTTP_FLOOD,0.7904191616766467,0.88,0.832807570977918,150.0
DOS-SYN_FLOOD,0.43243243243243246,0.42953020134228187,0.43097643097643096,149.0
DOS-TCP_FLOOD,0.639344262295082,0.5234899328859061,0.5756457564575646,149.0
DOS-UDP_FLOOD,0.8933333333333333,0.44666666666666666,0.5955555555555555,150.0
MIRAI-GREETH_FLOOD,0.9865771812080537,0.98,0.9832775919732442,150.0
MIRAI-GREIP_FLOOD,0.9733333333333334,0.9733333333333334,0.9733333333333334,150.0
MIRAI-UDPPLAIN,1.0,0.9933333333333333,0.9966555183946488,150.0
MITM-ARPSPOOFING,0.48484848484848486,0.547945205479452,0.5144694533762058,146.0
RECON-HOSTDISCOVERY,0.5827338129496403,0.54,0.5605536332179931,150.0
RECON-OSSCAN,0.20224719101123595,0.12,0.1506276150627615,150.0
RECON-PINGSWEEP,0.3673469387755102,0.24,0.2903225806451613,150.0
RECON-PORTSCAN,0.3761467889908257,0.2733333333333333,0.3166023166023166,150.0
SQLINJECTION,0.22869955156950672,0.34,0.2734584450402145,150.0
UPLOADING_ATTACK,0.24561403508771928,0.28,0.2616822429906542,150.0
VULNERABILITYSCAN,0.25,0.2,0.2222222222222222,150.0
XSS,0.16875,0.18,0.17419354838709677,150.0
