,BACKDOOR_MALWARE,BENIGN,BROWSERHIJACKING,COMMANDINJECTION,DDOS-ACK_FRAGMENTATION,DDOS-HTTP_FLOOD,DDOS-ICMP_FLOOD,DDOS-ICMP_FRAGMENTATION,DDOS-PSHACK_FLOOD,DDOS-RSTFINFLOOD,DDOS-SLOWLORIS,DDOS-SYNONYMOUSIP_FLOOD,DDOS-SYN_FLOOD,DDOS-TCP_FLOOD,DDOS-UDP_FLOOD,DDOS-UDP_FRAGMENTATION,DICTIONARYBRUTEFORCE,DNS_SPOOFING,DOS-HTTP_FLOOD,DOS-SYN_FLOOD,DOS-TCP_FLOOD,DOS-UDP_FLOOD,MIRAI-GREETH_FLOOD,MIRAI-GREIP_FLOOD,MIRAI-UDPPLAIN,MITM-ARPSPOOFING,RECON-HOSTDISCOVERY,RECON-OSSCAN,RECON-PINGSWEEP,RECON-PORTSCAN,SQLINJECTION,UPLOADING_ATTACK,VULNERABILITYSCAN,XSS
BACKDOOR_MALWARE,37,10,5,13,0,0,0,0,0,0,0,0,0,0,0,0,4,8,0,0,0,0,0,0,0,6,1,2,5,1,11,19,5,23
BENIGN,10,63,6,7,0,0,0,0,0,0,0,0,0,0,0,0,7,9,0,0,0,0,0,0,0,12,3,5,4,0,11,6,3,4
BROWSERHIJACKING,8,10,57,4,0,0,0,0,0,0,0,0,0,0,0,0,3,7,0,0,0,0,0,0,0,10,5,0,4,2,12,6,6,15
COMMANDINJECTION,15,4,10,42,0,0,0,0,0,0,0,0,0,0,0,0,9,5,0,0,0,0,0,0,0,2,2,2,0,2,4,32,2,19
DDOS-ACK_FRAGMENTATION,0,0,0,0,148,0,0,0,0,0,0,0,0,0,0,1,0,0,0,0,0,1,0,0,0,0,0,0,0,0,0,0,0,0
DDOS-HTTP_FLOOD,0,0,0,0,0,116,0,1,0,0,3,0,0,0,0,0,0,0,30,0,0,0,0,0,0,0,0,0,0,0,0,0,0,0
DDOS-ICMP_FLOOD,0,0,0,0,0,0,148,0,0,0,0,0,0,0,0,0,0,0,0,0,0,0,0,0,0,0,0,0,0,0,0,0,0,0
DDOS-ICMP_FRAGMENTATION,0,0,0,0,0,0,0,149,0,0,0,0,0,0,0,0,0,0,0,0,0,0,0,0,0,0,0,0,1,0,0,0,0,0
DDOS-PSHACK_FLOOD,0,0,0,0,0,0,0,0,148,0,1,0,0,0,0,0,0,0,0,0,0,0,0,0,0,0,0,0,0,0,0,0,0,0
DDOS-RSTFINFLOOD,0,0,0,0,0,1,0,0,0,148,0,0,0,0,0,0,0,0,0,0,0,0,0,0,0,0,0,0,0,0,0,0,0,0
DDOS-SLOWLORIS,0,0,0,0,0,5,0,1,0,0,141,0,0,0,0,0,0,0,3,0,0,0,0,0,0,0,0,0,0,0,0,0,0,0
DDOS-SYNONYMOUSIP_FLOOD,0,0,0,0,0,0,0,0,0,0,0,104,11,0,0,0,0,0,1,33,0,0,0,0,0,0,0,0,0,0,0,0,0,0
DDOS-SYN_FLOOD,0,0,0,0,0,0,0,0,0,0,0,73,25,0,0,0,0,0,0,51,0,0,0,0,0,0,0,0,0,0,0,0,0,0
DDOS-TCP_FLOOD,0,0,0,0,0,0,0,0,0,0,2,0,0,101,0,0,0,0,0,0,44,0,0,0,0,0,0,0,0,0,0,0,0,0
DDOS-UDP_FLOOD,0,0,0,0,0,0,0,1,0,0,0,0,0,0,142,0,0,0,0,0,0,7,0,0,0,0,0,0,0,0,0,0,0,0
DDOS-UDP_FRAGMENTATION,0,0,0,0,0,0,0,0,0,0,2,0,0,0,0,148,0,0,0,0,0,0,0,0,0,0,0,0,0,0,0,0,0,0
DICTIONARYBRUTEFORCE,7,12,11,3,0,0,0,0,0,0,0,0,0,0,0,0,71,7,0,0,0,0,0,0,0,3,5,6,1,4,6,6,4,4
DNS_SPOOFING,4,16,5,6,0,0,0,0,0,0,0,0,0,0,0,0,2,77,0,0,0,0,0,0,0,11,1,3,4,0,3,4,5,8
DOS-HTTP_FLOOD,0,0,0,0,0,10,0,0,0,0,7,0,0,0,0,0,0,0,132,0,0,0,0,0,0,0,0,0,0,0,0,0,1,0
DOS-SYN_FLOOD,0,0,0,0,0,0,0,0,0,0,0,74,10,0,0,1,0,0,0,64,0,0,0,0,0,0,0,0,0,0,0,0,0,0
DOS-TCP_FLOOD,0,0,0,0,0,0,0,0,0,0,0,0,0,71,0,0,0,0,0,0,78,0,0,0,0,0,0,0,0,0,0,0,0,0
DOS-UDP_FLOOD,0,0,0,0,0,0,0,1,0,0,0,0,0,0,82,0,0,0,0,0,0,67,0,0,0,0,0,0,0,0,0,0,0,0
MIRAI-GREETH_FLOOD,0,0,0,0,0,0,0,0,0,0,0,0,0,0,0,0,0,0,0,0,0,0,147,3,0,0,0,0,0,0,0,0,0,0
MIRAI-GREIP_FLOOD,0,0,0,0,0,1,0,1,0,0,0,0,0,0,0,0,0,0,0,0,0,0,2,146,0,0,0,0,0,0,0,0,0,0
MIRAI-UDPPLAIN,0,0,0,0,0,0,0,0,0,0,0,0,0,0,0,0,0,0,0,0,0,0,0,1,149,0,0,0,0,0,0,0,0,0
MITM-ARPSPOOFING,5,15,8,2,0,0,0,0,0,0,0,0,0,0,0,0,3,18,0,0,0,0,0,0,0,80,1,1,3,2,0,1,3,4
RECON-HOSTDISCOVERY,7,6,9,2,0,0,0,0,0,0,0,0,0,0,0,0,5,1,1,0,0,0,0,0,0,8,81,3,2,3,5,2,4,11
RECON-OSSCAN,4,22,8,3,0,0,0,0,0,0,0,0,0,0,0,0,2,1,0,0,0,0,0,0,0,8,7,18,8,33,19,4,8,5
RECON-PINGSWEEP,8,14,8,3,0,0,0,0,0,0,0,0,0,0,0,0,9,4,0,0,0,0,0,0,0,7,6,11,36,6,20,2,10,6
RECON-PORTSCAN,5,12,8,1,0,0,0,0,0,0,0,0,0,0,0,0,7,0,0,0,0,0,0,0,0,3,11,13,9,41,20,3,12,5
SQLINJECTION,11,4,4,3,0,0,0,0,0,0,0,0,0,0,0,0,4,6,0,0,0,0,0,0,0,2,2,9,8,8,51,8,21,9
UPLOADING_ATTACK,14,11,6,17,0,0,0,0,0,0,0,0,0,0,0,0,4,4,0,0,0,0,0,0,0,7,5,4,1,2,14,42,4,15
VULNERABILITYSCAN,7,13,11,4,0,0,0,0,0,0,0,0,0,0,0,0,8,4,0,0,0,0,0,0,0,1,5,8,6,3,37,8,30,5
XSS,25,6,9,9,0,0,0,0,0,0,0,0,0,0,0,0,8,5,0,0,0,0,0,0,0,5,4,4,6,2,10,28,2,27
